export_id,id,title,category,category_label,section,source,keywords,content,last_updated
1,1750961349597,What should I do if the e-sign link shows an error?,application-processing,Application Processing & General Operations,Manual Entry,Tick Tock Loans Knowledge Base v1,e-sign | error | application completed | card declined | underwriting | cache | portal,"Check the account stage first:
•	If at ""Application Completed"": The customer must authorize their debit card via the online portal at www.ticktockloans.com
•	If at ""Card Declined"": They need to reattempt verification via the portal
•	If at ""Underwriting"": The application is under review
•	If still at ""e-sign"": Test the link. If the issue persists, ask the customer to clear their cache and try again. Escalate with a screenshot if necessary.
",2025-07-03
2,1751036537838,What happens if the first repayment date is within a few days of the application date?,application-processing,Application Processing & General Operations,Manual Entry,Tick Tock Loans Knowledge Base v1,first repayment date | payday | daily interest | 0.8% | principal,"You can select the customer's following payday; however, you must inform them of the additional cost, as daily interest will accrue during this period at a rate of 0.8% of the outstanding principal per day.",2025-06-27
3,1751036573919,What if the customer has no additional income?,application-processing,Application Processing & General Operations,Manual Entry,Tick Tock Loans Knowledge Base v1,additional income | £00.00 | application | field,"They must still enter £00.00 in the additional income field, otherwise they will not be able to proceed with the application.",2025-06-27
4,1751036770778,Customer Portal & Login Issues,customer-portal,Customer Portal & Login Issues,Manual Entry,Tick Tock Loans Knowledge Base v1,password reset | forgot password | email | surname | CRM | reset | password | how do I request,"Go to www.ticktockloans.com, click 'Forgot Password,' and enter their email and surname exactly as it appears in CRM.",2025-08-08
5,1751036929355,What causes login issues after a password reset?,customer-portal,Customer Portal & Login Issues,Manual Entry,Tick Tock Loans Knowledge Base v1,login issues | password reset | spaces | case sensitivity | copy paste,Usually due to extra spaces or case sensitivity in the email or password. Ask the customer to copy and paste the password from our email into the login page.,2025-06-27
6,1751036959495,What should I do if the 'My Card' section is missing in the portal?,customer-portal,Customer Portal & Login Issues,Manual Entry,Tick Tock Loans Knowledge Base v1,My Card | missing | portal | refresh page,Ask the customer to refresh the page—it should appear afterward.,2025-06-27
7,1751037008160,When can a customer be rolled back from Collections to Funds Sent?,collections-account,Collections & Account Status Management,Manual Entry,Tick Tock Loans Knowledge Base v1,rollback | collections | funds sent | missed payment | arrangement,If they make the missed payment or set up a new arrangement.,2025-06-27
8,1751037035721,When should a customer be moved from Collections to a Payment Plan?,collections-account,Collections & Account Status Management,Manual Entry,Tick Tock Loans Knowledge Base v1,collections | payment plan | M0 | M1 | M2 | DMC | hold | arrangement,"If they make a payment or set up an arrangement while in M0, M1, M2, DMC, or Hold stages.",2025-06-27
9,1751037077719,What types of schedules are available?,payment-plans,Payment Plans & Scheduling,Manual Entry,Tick Tock Loans Knowledge Base v1,payplan | amounts | duration | fixed monthly payments | months,"Payplan by Amounts (fixed monthly payments)
Payplan by Duration (based on number of months)
",2025-06-27
10,1751038559545,What payment methods can be used in a new schedule?,payment-plans,Payment Plans & Scheduling,Manual Entry,Tick Tock Loans Knowledge Base v1,payment methods | manual | phone | bank transfer | card | CPA,Manual (via phone or bank transfer) or Card (CPA payments).,2025-06-27
11,1751038626722,What details must be entered for a new payment plan?,payment-plans,Payment Plans & Scheduling,Manual Entry,Tick Tock Loans Knowledge Base v1,payment plan | repayment method | amount | payments | date | frequency | interest,"Repayment method, amount (£) or number of payments, first payment date, payment frequency, and interest settings.",2025-06-27
12,1751038665795,Can the first or second payment in a plan be adjusted?,payment-plans,Payment Plans & Scheduling,Manual Entry,Tick Tock Loans Knowledge Base v1,first payment | second payment | adjust | additional info | schedule setup,"Yes, this can be done via the 'Additional Info' section during schedule setup.",2025-06-27
13,1751038722035,When should interest continue during a payment plan?,payment-plans,Payment Plans & Scheduling,Manual Entry,Tick Tock Loans Knowledge Base v1,interest | payment plan | price cap,Only if the price CAP has not yet been reached.,2025-06-27
14,1751038751160,How does a customer evidence their income?,income-evidence,Income Evidence & Verification,Manual Entry,Tick Tock Loans Knowledge Base v1,evidence income | payslip | bank statement | salary credits | 30 days,By sending their most recent payslip or a bank statement showing salary credits within the last 30 days.,2025-06-27
15,1751039987498,The customer says they've never had to provide proof of income before. What should I say?,income-evidence,Income Evidence & Verification,Manual Entry,Tick Tock Loans Knowledge Base v1,proof of income | repeat lending policy | income verification | application,"Explain that, in line with our repeat lending policy, income verification is required. Without this, we cannot proceed with the application.",2025-06-27
16,1751040106440,What email should I send when asking a customer to evidence income?,income-evidence,Income Evidence & Verification,Manual Entry,Tick Tock Loans Knowledge Base v1,email ID 62 | payslip | bank statement | email dropdown,Use Email ID 62 -- Payslip / Bank Statement email. Type this into the email dropdown—it will appear at the top.,2025-06-27
17,1751040143144,"What happens if the ""Open Banking"" task doesn't raise after the customer signs up with Plaid?",income-evidence,Income Evidence & Verification,Manual Entry,Tick Tock Loans Knowledge Base v1,open banking | task | Plaid | bank statement | 30 days,"Walk them through the process on the phone. Allow a minute for the task to generate. If it still doesn't appear, ask them to send in a bank statement covering the last 30 days.",2025-06-27
18,1751040177989,Can I confirm the SMS code over the phone?,security-verification,"Security, Verification & Data Requests",Manual Entry,Tick Tock Loans Knowledge Base v1,SMS code | phone | mobile number | record,"Yes, but only if the customer is calling from the mobile number on record",2025-06-27
19,1751040205972,Can I confirm the email code over the phone?,security-verification,"Security, Verification & Data Requests",Manual Entry,Tick Tock Loans Knowledge Base v1,email code | phone | two-step verification | bypass,No. The customer must access the email themselves. This is part of our two-step verification and must not be bypassed.,2025-06-27
20,1751040249121,Can I stay on the call while the customer agrees to the credit agreement?,application-processing,Application Processing & General Operations,Manual Entry,Tick Tock Loans Knowledge Base v1,call | credit agreement | regulatory documents | remain,No. You must not remain on the call while the customer reads and agrees to the credit agreement and regulatory documents.,2025-06-27
21,1751040298151,What is the Right to Withdraw (RTW) process?,right-to-withdraw,Right to Withdraw (RTW),Manual Entry,Tick Tock Loans Knowledge Base v1,right to withdraw | RTW | 14 days | funded | 30 days | daily interest | 0.8% | principal | credit file,"The customer can withdraw from the agreement within 14 days of the loan being funded. This period begins the day after the loan is funded. Once a customer has withdrawn, they have 30 days to repay the balance. This balance will accrue daily interest at a rate of 0.8% per day, based on the outstanding principal.
You should set a repayment date within the 30-day period via the Accounts tab in the Schedule section. Once the loan has been settled, raise a ""Customer Service -- Withdrawal from Agreement"" task. After full RTW compliance, the loan entry will be removed from the customer's credit file with the credit reference agencies.
",2025-06-27
22,1751040375413,"I've received the transaction response: ""Transaction Success"" -- what does this mean?",transaction-responses,Transaction Responses & Payment Issues,Manual Entry,Tick Tock Loans Knowledge Base v1,transaction success | payment | verification | successful,"This means that the transaction verification or payment was successful. Either the payment has been taken, or the verification has completed as expected.",2025-06-27
23,1751040418717,"I've received the transaction response: ""Transaction declined by authorization system"" -- what does this mean?",transaction-responses,Transaction Responses & Payment Issues,Manual Entry,Tick Tock Loans Knowledge Base v1,transaction declined | authorization system | R1 | revocation | recurring payments | VISA,"This typically refers to R1: Revocation of Authorisation, meaning the cardholder has requested to stop all recurring payment transactions. You should contact the customer to confirm whether they have cancelled all transactions. This response applies to VISA ",2025-06-27
24,1751040508543,The customer says the application was made fraudulently and not by them. What should I do?,fraud-disputes,Fraud & Disputes,Manual Entry,Tick Tock Loans Knowledge Base v1,fraudulent application | bank details | investigation | bank letter | reimbursement,"When taking the initial details of an alleged fraudulent application, make sure to record the following information on the system:
•	Contact telephone number
•	Email address
•	Whether they recognise or hold the current bank details on the account
If the customer does not recognise the bank account, advise them to report it to their bank and request an investigation into how the account was opened in their name. We will need a copy of the letter the bank issues once their investigation is complete before we can consider closing the account.
If the bank account does belong to the customer, we will still require written confirmation from the bank stating that fraudulent transactions occurred and were investigated. In such cases, we expect the bank to reimburse the customer, who can then return the funds to us. We will also require a letter from the bank in order to write off any remaining interest.",2025-06-27
25,1751040657310,What is the Debt Respite Scheme?,debt-respite,Debt Respite Scheme / Breathing Space,Manual Entry,Tick Tock Loans Knowledge Base v1,debt respite scheme | breathing space | 60 days | mental health | protection | creditors,"The Debt Respite Scheme, also known as Breathing Space, is a UK government initiative that offers individuals temporary protection from creditors while they seek debt advice or mental health treatment.
There are two types:
•	Standard Breathing Space -- lasts for 60 days
•	Mental Health Crisis Breathing Space -- lasts for the duration of the treatment, plus an additional 30 days, even if this exceeds 60 days
",2025-06-27
26,1751040722098,What stage should I use for an account under the Debt Respite Scheme?,debt-respite,Debt Respite Scheme / Breathing Space,Manual Entry,Tick Tock Loans Knowledge Base v1,breathing space | on hold | 2 months | vulnerable customer | 60 days | insolvency service,"Use On Hold -- 2 Months for a standard breathing space
Use On Hold -- Vulnerable Customer for a Mental Health breathing space

In both cases, make sure to add a task to review the account in 60 days. The Insolvency Service typically informs us when the hold expires.
",2025-06-27
27,1751040759205,Is interest added while the account is in Breathing Space?,debt-respite,Debt Respite Scheme / Breathing Space,Manual Entry,Tick Tock Loans Knowledge Base v1,interest | breathing space | frozen | fees | charges,"No. Interest, fees, and charges are frozen while the account is in Breathing Space.",2025-06-27
28,1751040823941,Customer has joined a debt management company---what info do I need?,debt-management,Debt Management Companies (DMC),Manual Entry,Tick Tock Loans Knowledge Base v1,debt management company | DMC | reference number | date joined,"The name of the DMC, reference number, and the date they joined.",2025-06-27
29,1751040865126,What stage should I move an account to if the customer joins a DMC?,debt-management,Debt Management Companies (DMC),Manual Entry,Tick Tock Loans Knowledge Base v1,DMC | on hold | debt management,"Move the account to ""On Hold -- Debt Management.""",2025-06-27
30,1751040897543,"Do I need to send the customer a ""Repaid"" email once the balance is cleared?",system-email,System Stages & Email Management,Manual Entry,Tick Tock Loans Knowledge Base v1,repaid email | balance cleared | automatic | zero balance,No. The system automatically sends this when the balance reaches zero.,2025-06-27
31,1751040936631,What should I check before saving a payment plan?,payment-plans,Payment Plans & Scheduling,Manual Entry,Tick Tock Loans Knowledge Base v1,payment plan | check information | save | confirm | customer,"Double-check all entered information, then save and confirm details with the customer.",2025-06-27
32,1751040989514,What should I do if a customer's portal isn't updating properly?,customer-portal,Customer Portal & Login Issues,Manual Entry,Manual Entry,portal | updating | refresh page | different browser,Ask them to refresh the page or try using a different browser.,2025-06-27
33,1751041076722,What are the contact details for Tick Tock Loans?,contact-information,Contact Information,Manual Entry,Tick Tock Loans Knowledge Base v1,contact details | phone | address | email | customer service | collections | complaints | underwriting,"•	Phone: 020 8090 8340
•	Address: 7 Berley Crescent, Gravesend, DA12 2AH
•	Website: www.ticktockloans.com
Email Addresses:
Customer Service: customerservice@ticktockloans.com
Collections: collections@ticktockloans.com
Complaints: complaints@ticktockloans.com
Underwriting: underwriting@ticktockloans.com
",2025-06-27
34,1751041112505,What are the contact details for Tick Tock Advance (MCA Product)?,contact-information,Contact Information,Manual Entry,Tick Tock Loans Knowledge Base v1,tick tock advance | MCA | website | phone | email,"Website: www.ticktockcredit.co.uk
Phone: 020 3838 2148
Email: customerservice@ticktockcredit.co.uk
",2025-06-27
35,1751041259455,Right to Withdraw (RTW) Process,right-to-withdraw,Right to Withdraw (RTW),Manual Entry,Manual Entry,Withdraw | RTW | right to withdraw | cancellation | cancel loan | cancel agreement | opt out | 14-day rule | 14 days | fourteen days | exit agreement | cooling-off period | loan withdrawal | customer wants to cancel | agreement withdrawal | stop loan | terminate agreement | ends loan | cancels loan | wishes to withdraw | no longer wants loan,"If a customer wishes to withdraw from their loan agreement, they must inform us within 14 days of the loan being funded. This 14-day period starts the day after the loan is funded.
The customer can notify us of their intention to withdraw either verbally or in writing.
The customer has 30 days from the date they notify us of their intention to withdraw to repay:
The amount borrowed, plus
The daily interest accrued up to the date the repayment is made.
Ask the customer to confirm the exact date they intend to make the repayment.
Create a new payment schedule for that date.
Set yourself a follow-up task on the same date to check whether the payment was made and follow up if necessary.
If the Customer Can’t Confirm a Date schedule the repayment for the 30th day after the withdrawal notification.
If the customer is unhappy with a card payment being scheduled, switch the payment method to bank transfer to avoid automated card collection attempts.
The balance will remain due, and the customer will continue to receive payment reminders as part of the usual communication cycle. If unpaid, the account will flow into the standard collections strategy.",2025-06-27
36,1751041473940,Interest Query,transaction-responses,Transaction Responses & Payment Issues,Manual Entry,Manual Entry,Interest | daily interest | % | percentage | interest rate | charged interest | how much interest | contractual interest | calculate interest | work out interest | interest amount | arrears interest | quote interest | interest quote | interest query | interest calculation | total interest | cost of interest | breakdown of interest | accrued interest | what is the interest | interest explained | interest charge | interest fees | why charged interest | interest on loan | interest figure | interest applied | interest query help | customer asking about interest | interest per day | how interest works,"Process Overview

Refer to the customer’s original loan schedule and explain the Total Amount Payable (TAP) they agreed to at the start of their loan.
Let them know that this amount reflects what they would repay if all payments were made on time, with no changes to their repayment dates.
If the TAP has increased due to changes in payment behaviour, explain why:
Interest accrues daily at a rate of 0.8% on the outstanding principal.
Any missed payments, changes in payday, or reduced payments may lead to an increase in the total interest charged.
Reassure them that interest is capped at 100% of the amount borrowed — this is a rule set by our regulator, the Financial Conduct Authority (FCA).
Help the customer understand how they can reduce their interest:

The more they pay, the less interest is charged, as the balance decreases.
Even nominal payments (small amounts) can help reduce the interest if made within the interest-charging period.
If the customer expresses frustration (e.g., “You’re ripping me off” or “You’re like loan sharks”), respond calmly and clearly:

We are a regulated lender, authorised by the FCA.
We follow all legal rules on interest and have clearly outlined the terms in the agreement the customer signed.
We do not charge more than the 100% cap, and customers have control over how much interest builds up by making timely or early payments.
Offer to help them explore ways to settle early or reduce their repayment burden.",2025-06-27
37,1751041521722,Fraud Process,fraud-disputes,Fraud & Disputes,Manual Entry,Manual Entry,Fraud | suspected fraud | confirmed fraud | fraudulent | fraud alert | fraud team | fraud department | fraud process | report fraud | fraud claim | fraudulent transactions | unauthorised transactions | scam | scam activity | identity theft | account hacked | account compromised | fraud investigation | fraud check | fraud complaint | card blocked | card compromised | stolen card | fraudster | impersonation | police report | Police | crime report | crime reference number | CRN | action fraud | notice of correction | NOC | CIFAS | report to police | fraud escalation | fraud refund | fraud steps | fraud query | possible fraud | transaction not mine | not the customer | someone used.,"Process Overview:

Customer confirms that the bank details are not theirs:

If a customer contacts us to say they didn’t apply for the loan — often after receiving a default notice or spotting it on their credit file — follow these steps:
Verify Identity & Cross-Check Details
Ask the customer to confirm their full name, email address, contact number, and bank account details.
Compare these to what’s recorded on the account.
Outcome Based on Matching Details
If the email, phone number, and bank details match:
This likely indicates the customer, or someone close to them, made the application.
The customer would usually remain liable.
If you’re uncertain, escalate to the Fraud Specialist – Zoe Quick.
If any details do not match, especially the bank details:
Record the customer's correct contact details in the system for follow-up.
Advise the customer to report the loan as fraudulent to the bank used on the application.
The bank must investigate and provide a written response confirming the findings.
Hold the Account
Place the account on hold for 30 days while waiting for bank confirmation.
After 30 days or upon receipt of the bank’s response, escalate to Zoe Quick for fraud investigation.
Customer Confirms All Details Are Correct – But Denies Applying

If the customer confirms that all details on the loan are correct, but insists they didn’t apply:
Advise Immediate External Reporting
Instruct the customer to report the incident to:
Their bank
Action Fraud
The police (to obtain a crime reference number)
Request Supporting Evidence
We require a letter from the bank confirming that the loan funds were deposited and withdrawn by a third party without the customer’s consent.
This confirmation must be in writing and clearly state that the transaction was fraudulent.
Fraud Outcome Handling

Once confirmed in writing:
The customer will be expected to repay the original loan amount (principal), since the funds were received.
The business will then write off any interest that accrued.
This aligns with our policy where fraud is proven and funds are reimbursed by the bank.",2025-06-27
38,1751043142284,Breathing Space Workflow,debt-respite,Debt Respite Scheme / Breathing Space,Manual Entry,Manual Entry,breathing space | financial hardship | vulnerable customer | vulnerability specialist | Zoe Quick | mental health | physical health | suicide | self-harm | bereavement | caregiver | income expenditure form | I&E | collections hold | 14 days | evidence request | financial vulnerability | breathing space review | chaser email | hold expired | arrears flow | on hold pending evidence | vulnerability flag | line manager referral | health conditions | hospitalization | medical treatment | family member involvement | collections activities pause | repayment plan | financial stability,"Step 1: Identify Eligibility for Breathing Space
Trigger Event: 
•	Consider breathing space if a customer discloses financial hardship, or is identified, or discloses as vulnerable.
Initial Assessment: 
•	Review the customer's circumstances to determine if breathing space is suitable. Serious vulnerabilities, particularly health or mental health concerns, should be assigned to the Vulnerability Specialist (VS) - Zoe Quick.
Triggers for Referral to  Vulnerability Specialist (VS)
Please note: If the customer displays any of the following triggers, please note the account and assign to the Vulnerability Specialist. If the customer does not display any of the triggers below, then continue to step 2
Direct Disclosure of Health Conditions
•	The customer mentions a diagnosed mental health or physical health condition (e.g., depression, anxiety, cancer) that affects their ability to manage finances or respond to communications.
•	They discuss ongoing medical treatment or challenges that may impact their financial stability.
Mentions of Suicide or Self-Harm
•	If a customer mentions suicide, self-harm, or hints at thoughts of ending their life,
References to Significant Health Events
•	They mention a recent major health event, such as surgery, hospitalisation, or a new serious diagnosis, impacting their ability to meet financial obligations.
•	Statements like “I just got out of the hospital” or “I’ve been dealing with a serious health issue” can serve as indicators.
Bereavement
•	The customer mentions experiencing the recent loss of a loved one, which could impact their emotional and financial stability.
•	Statements like “I’m struggling after the loss of [family member]” or “I’ve just lost someone close to me” are strong indicators of vulnerability.
Family or Caregiver Involvement
•	A family member or caregiver emails on behalf of the customer, explaining that the customer has health or cognitive issues affecting their ability to manage the account.
•	The customer mentions they need someone’s help due to health-related challenges, signalling potential vulnerability.
Step 2 : Implement and Monitor Breathing Space
Income and Expenditure Form:
•	Send  a copy of the income and expenditure form to the customer at the start of the 14-day hold.
•	Request evidence, where appropriate,  of any change in circumstances (e.g., job loss, reduced income).
Hold Collections Activities: 
•	Pause collections activities for the initial 14-day breathing space period and move the account to a new stage labelled "" On Hold - Pending Evidence”
Customer Communication: 
•	Send  confirmation Email - Account on Hold for 14 Days with Request for Evidence and I&E Completion or Email - Account on Hold for 14 Days with Request to Complete I&E Only (as appropriate) to the customer confirming they are in a hold stage and set a follow-up date for the 14-day review. 
Step 3: Review and Extend if Necessary	
Breathing Space Review: 
•	Before the end of the initial 14-day period, assess the customer’s financial situation based on the income and expenditure form and any additional evidence provided. 
•	Note: If at this stage the customer is deemed to be financially vulnerable, then please refer the account to a line manager who will determine whether or not a vulnerability flag should be added to the account
Follow-Up for Unreturned Forms: 
•	If the customer has not returned their income and expenditure form within the 14 days, contact them to remind them of the request, send  Chaser Email for Evidence and I&E Request or Chaser Email for I&E Completion Only (as appropriate) . Provide an additional 14 days for them to return the form. Send a second chaser email at 21 days Second Chaser Email for Evidence and I&E Request (Sent at 21 Days) or Second Chaser Email for I&E Completion Only (Sent at 21 Days)
Step 4: Closure
End Breathing Space:
•	If the customer’s financial position has improved or a repayment plan can be agreed based the income and expenditure provided by the customer conclude the breathing space period, move the account out of the "" On Hold - Pending Evidence "" stage, and outline next steps for resuming payments.
Unreturned Income and Expenditure: 
•	If the requested completed income and expenditure form or evidence of change in circumstances is not received within the extended 14-day period, return the account to the normal collections workflow and send Email - Hold Expired, Account Returning to Arrears Flow to the customer advising that the breathing space period has ended.
",2025-06-27
39,1751043291614,Breathing Space Workflow - Health or Mental Health,debt-respite,Debt Respite Scheme / Breathing Space,Manual Entry,Manual Entry,mental health vulnerability | health vulnerable | mental health professional | mental health issue | serious mental health cases | debt mental health evidence form | DMHEF | vulnerable customer | vulnerability specialist | health conditions | mental health support | mental health assessment | continued vulnerability assessment,"Step 1: Identify Eligibility for Breathing Space
Trigger Event: 
•	Customer discloses is identified or discloses as health or mental health vulnerable.
Step 2 : Implement and Monitor Breathing Space
Debt and Mental Health Evidence Form: For cases indicating mental health vulnerability:
•	Vulnerability Specialist (VS) completes a Vulnerable Customer Risk Identification Checklist (Appendix A)
•	Send  a copy of the Debt and Mental Health Evidence Form (DMHEF) – (Appendix B) and Debt and Mental Health Evidence Form Consent (Appendix C)  for the customers mental health professional to complete.
•	Send a copy of the income and expenditure form for the customer to complete. 
•	Request any other evidence, where appropriate,  of any change in circumstances (e.g., job loss, reduced income).
•	. Send email 86 – Mental Health Issue Vulnerable Customer
Hold Collections Activities: 
•	Apply an initial  30-day hold which will pause all collections activities and move the account to a new stage labelled ""Stage: On Hold - Vulnerable.""
Customer Communication: 
•	Send “Breathing Space” Send email 86 – Mental Health Issue Vulnerable Customer to the customer confirming they are in the breathing space stage and set a follow-up date for the 30-day review.
Step 3: Review and Extend if Necessary
Breathing Space Review: 
•	Before the end of the initial 30-day period, assess the customer’s situation based on the DMHEF,  income and expenditure form and any additional evidence provided. 
Follow-Up for Unreturned Forms: 
•	If the customer has not returned their income and expenditure form within the 30 days, contact them to remind them of the request. Send  30-Day Chaser Email - Reminder – Supporting Information Needed for Your Account.  Provide an additional 30 days for them to return the information. Send a second chaser email at 45 days 45-Day Chaser Email - Final Reminder – Supporting Information Needed to Continue Account Hold Continued Vulnerability Assessment: 
•	The Vulnerability Specialist will reassess serious mental health cases to determine if additional support (such as an extended forbearance plan, write off) is needed.
Step 4: Closure
End Breathing Space:
•	If the customer’s position has improved, conclude the breathing space period, move the account out of the "" Stage: On Hold - Vulnerable "" stage, and outline next steps for resuming payments.
Unreturned Income and Expenditure: 
•	If the requested completed income and expenditure form or evidence of change in circumstances is not received within the extended 30-day period, return the account to the normal collections workflow and send email 163 - Breathing Space Expiry to the customer advising that the breathing space period has ended.
",2025-06-27
40,1751546280186,How do I calculate interest?,collections-account,Collections & Account Status Management,Manual Entry,Manual Entry,interest | calculate | work out | how much | charge | daily interest | price cap,"Convert the percentage to a decimal:

0.8% = 0.008

Multiply the decimal by the amount:

£100 × 0.008 = £0.80

💡 Final Answer:

0.8% of £100 is £0.80 (per day)",2025-07-03
41,1751555066591,How do you update the card details?,application-processing,Application Processing & General Operations,Manual Entry,Manual Entry,Update card | card | pre-auth | authorisation | new card | securely | banking app | ,"To update their card details, the customer must complete the process via the website. Here's how to guide them:

🔹 Step 1: Log In
Ask the customer to visit the website and log in to their account.

🔹 Step 2: Locate the Card Update Option
Once logged in, they should look for either:
• “Update Card Securely”, or
• “My Card”

Clicking on either option will take them to the card update page - if they do not see this get the customer to refresh the page.

🔹 Step 3: Enter New Card Details
The customer should now enter their new card information on the page provided.

🔹 Step 4: Verify via Banking App
After entering the details, the customer will be prompted to verify the transaction in their banking app.

🔹 Step 5: Return to Website
Once verified, the customer must return to the original website page.

This final step ensures the update is sent successfully through our API and applied to their account. ",2025-07-03
42,1751555518830,TEXAS - Vulnerable Customers ,application-processing,Application Processing & General Operations,Manual Entry,Manual Entry,vulnerability | TEXAS | impacting | condition | support | help customer | depression | mental health | vulnerable | disclosed | Samaritans | Mind,"TEXAS is a widely used model designed to help frontline staff identify and respond appropriately to signs of customer vulnerability during conversations — especially when disclosures are made.

Each letter in TEXAS represents a step to guide the interaction:

🔹 T – Thank the customer
Acknowledge and thank the customer for sharing something personal. This builds trust and shows empathy.
Example:
""Thank you for letting me know, I really appreciate you sharing that with me.""

🔹 E – Explain how the information will be used
Let the customer know why you're asking certain questions and how the information will help. This encourages openness and reassures them their data is handled appropriately.
Example:
""This is just so we can understand your situation better and make sure we support you in the right way.""

🔹 X – eXplicit consent
Get clear permission to record and use the information disclosed, especially if it will impact how their account is handled.
Example:
""Is it okay if I make a note of what you've told me today so we can make sure your account reflects the right level of support?""

🔹 A – Ask relevant questions
Ask only appropriate, respectful follow-up questions to better understand their needs — without probing unnecessarily.
Focus on the impact, not the condition.
Example:
""How is this currently affecting your ability to manage your account or make payments?""

🔹 S – Signpost or support
Offer appropriate support based on what they’ve shared — this could include:

Applying collections hold or breathing space

Referring to the vulnerabilities specialist (Zoe Quick)

Offering adjusted communication or repayment options

Signposting to external organisations (e.g. Mind, StepChange, Samaritans)

✅ Use TEXAS when:
A customer discloses a mental health, financial, or life-impacting condition.

You suspect vulnerability based on what they say, how they say it, or how they behave.

You want to build a complete picture before applying any account-level support or escalation.",2025-07-03
43,1751985069663,What is the cooling-off period?,application-processing,Application Processing & General Operations,Manual Entry,Manual Entry,cooling | between loans | period,"The cooling-off period is a set amount of time that must pass between loans once a previous loan has been repaid. During this time, any new applications will be automatically declined, in line with our repeat lending policy.
The following applies:
•	Between the 1st and 2nd loan – 30-day cooling-off period
•	Between the 2nd and 3rd loan – 30-day cooling-off period
",2025-07-08
44,1751985614134,Do we offer top-up loans?,application-processing,Application Processing & General Operations,Manual Entry,Manual Entry,top-up | top | second loan | additional loan | increase balance,"No, we do not offer top-up loans. Customers are also subject to a cooling-off period, which varies depending on how many loans they’ve had previously. If a customer wishes to repay their loan and reapply, they will need to take this condition into account.",2025-07-08
45,1751988255452,What does each stage in the system mean?,system-email,System Stages & Email Management,Manual Entry,Manual Entry,stage | collector | collections | underwriting | workflow | strategy,"Lead Purchased
– The customer’s application has been sourced from an online broker and purchased by TTL.
E-sign Sent
– The e-agreement has been sent to the customer for signature.
Application Completed
– The customer has signed the agreement and now needs to complete debit card verification.
Underwriting
– The application is currently being assessed by the underwriting team.
Offer Sent
– Affordability checks are complete, and a new loan offer has been sent. The customer must re-sign the e-agreement.
Signed Off
– All assessment checks have passed, and the loan has been approved.
Funds Processing
– The loan is in the process of being sent to the customer.
Funds Sent
– Funds have been successfully credited to the customer’s account.
Collections – Missed Instalment
– The customer has missed their next scheduled payment.
Collections M0
– The customer has missed one payment.
Collections M1
– The customer has missed two payments. A 28-day notice for default may be issued at this stage.
Collections M2
– The customer has missed two or more payments. Communications about referral to a Debt Collection Agency (DCA) begin here.
Collections Review
– The account is being reviewed and prepared for referral to external debt collection.
External Collections – Referred
– The account has been passed to external debt collectors (typically in the order: CRS > UK Search > Digital DRA).
External Collections – Returned
– The account has been returned to us by the external debt collectors.
",2025-07-08
46,1751988353004,Who make up the backoffice team?,application-processing,Application Processing & General Operations,Manual Entry,Manual Entry,backoffice | team | BO | Yulia | admin | dmc | email,"Yulia Nachkebia (Team Lead)
Tinatin Maqatsaria
Zuka Gvazava
Khatia Tavdishvili
",2025-07-08
47,1751988486896,Who make up the underwriting team?,application-processing,Application Processing & General Operations,Manual Entry,Manual Entry,team | Pikria | underwriters | underwrites,"Pikria Amashukeli 
Nugzar Rukhaia
Nona Macharashvili
Mariam Macharashvili
Anna Markhulia
Luka Macharashvili
Tamar Abramidze
Nata Begdarashvili",2025-11-18
48,1751989614643,Can I place the customer on a 30 day hold if they make a nominal payment?,application-processing,Application Processing & General Operations,Manual Entry,Manual Entry,hold | temp financial difficulty | forbearance | nominal pay | GFP | extend hold | breathing space | freeze,"Yes you can, however you should consider the reasons why you can’t at this stage set them up into an affordable plan. If you are waiting on information or changes in a role/position and the customer wants to make a nominal payment but there is no accessible income for future payments, then taking a nominal payment and holding the account would be an option. ",2025-07-08
49,1751989763595,How does the customer repay their balance if they exercise their right to withdraw? ,payment-plans,Payment Plans & Scheduling,Manual Entry,Manual Entry,BT | transfer | banking details | standing order | STO | RTW payment,"Customers can either pay the balance owing on their verified debit card on file or alternatively, they can make a bank transfer using the following detail; customers should attach their reference number to the payment:

Account Name: Savvy Loan Products Ltd

Account Number: 03587924

Sort Code: 04-00-72",2025-07-08
50,1751989805022,What email do I send to confirm to the customer that their account has been placed on hold?,application-processing,Application Processing & General Operations,Manual Entry,Manual Entry,email | hold | confirm hold | breathing space | BS email,Select or type email 43 or On Hold 30 days and send.,2025-07-08
51,1753692123175,Do we lend to customers who are paid in cash?,application-processing,Application Processing & General Operations,Manual Entry,Manual Entry,Cash | in hand | self-employed,No. The customer either has to be full time employed and paid into a bank account or self-employed and able to evidence through invoices.,2025-07-28
52,1753693493542,How do I block an account?,application-processing,Application Processing & General Operations,Manual Entry,Manual Entry,block | shut down | close account,"Before blocking an account, confirm with a manager that it’s the appropriate action. To block an account, open the “Update” drop-down under the orange tab and choose “Block.” The block is applied to the account immediately.",2025-07-28
53,1753693919241,How do I request a password?,application-processing,Application Processing & General Operations,Manual Entry,Manual Entry,password | reset | login | website | online | forgot,"To reset a customer’s online password, go to our website at www.ticktockloans.com and click “Login” in the top right corner. Instead of logging in, select “Forgot password” underneath. Enter the customer’s email address and surname exactly as they appear in our CRM; if the details don’t match, the reset won’t work. A new password will be sent to the email address on file.",2025-07-28
54,1754667749772,What is Bankruptcy?,application-processing,Application Processing & General Operations,Manual Entry,Manual Entry,Bankruptcy | BO | Bankruptcy Order | Order,"Bankruptcy is a legal process designed to help individuals who can’t repay their debts. It gives you a fresh financial start by writing off most of your unsecured debts, but it also comes with serious consequences and restrictions.

📝 How do you apply?
In the UK, you can apply for bankruptcy online through the government’s Insolvency Service. You don’t need to go to court unless someone else is making you bankrupt. It’s a big decision, so it’s important to get advice before applying.

💷 How much does it cost?
As of now, it costs £680 to apply for bankruptcy. This fee must be paid before your application can be submitted, although payment plans may be available in some cases.

👥 Who manages your bankruptcy?
Once your bankruptcy is approved, it is managed by an Official Receiver – a person who works for the Insolvency Service. They’ll review your finances and may take control of certain assets to help repay your debts. In some cases, a Trustee may also be appointed to handle this.

⚠️ What restrictions does bankruptcy create?
When you're bankrupt, there are several restrictions you must follow, including:

You can’t borrow more than £500 without telling the lender you’re bankrupt.

You can’t act as a company director without court permission.

You must cooperate fully with the Official Receiver and provide any information they request.

Your credit file will show the bankruptcy for 6 years, which can make getting credit, renting, or even some jobs more difficult.

Your assets may be sold, and you could be asked to make monthly payments for up to 3 years if you have disposable income.

📌 Important: Bankruptcy can be life-changing, so it’s always best to speak to a free debt adviser before applying. They can help you explore all your options and make the best choice for your situation.",2025-08-08
55,1754668003410,What happens if a customer goes bankrupt?,application-processing,Application Processing & General Operations,Manual Entry,Manual Entry,bankruptcy process | bankruptcy order | bankruptcy | dividend | written off | WO | official reciever | proof of debt | POD | bankrupt | insolvency | insolvency services,"You’ll be notified
If a customer is made bankrupt, you’ll usually receive a notice from the Official Receiver or see it on the Insolvency Register. Alterntively, the customer may make you aware directly.

Stop all contact and collection
You must stop chasing the customer for payment — no calls, emails, letters, or legal action. Bankruptcy protection means you're legally not allowed to pursue the debt.

Send a Proof of Debt
You can submit a claim to the Official Receiver (or Trustee) showing how much you’re owed, with any evidence (like statements or contracts).

Wait for updates
The Receiver will deal with the customer’s assets. If there’s money left after priority debts and fees, you might get a small payment (called a dividend), though this is rare.

Debt is written off
After 12 months, bankruptcy usually ends. Most unsecured debts (like loans or credit cards) are written off. You can’t chase the customer after this.",2025-08-08
56,1754668301922,Bankruptcy Procedure,application-processing,Application Processing & General Operations,Manual Entry,Manual Entry,Bankruptcy Procedure | bankrupt | BO | hearing | bankruptcy,"When a customer informs us they have been made bankrupt or are going through bankruptcy proceedings, follow the steps below:

Gather Key Information:

Full name of the court where the hearing is scheduled or has taken place.

Date of the bankruptcy hearing or date the order was made.

Bankruptcy order number (if known).

Check the Insolvency Register:

Visit the Insolvency Service website to verify if the order has been registered:
🔗 https://www.insolvencydirect.bis.gov.uk/eiir/

If listed, copy and paste the exact URL of the customer’s listing onto their account notes.

Update Account Status:

Change the customer’s stage to: On Hold – IVA/Bankruptcy.

Request Documentation:

Inform the customer that we require formal confirmation of the bankruptcy order (e.g., court letter or order document).

Make them aware that this must be received within 21 days to maintain the hold status on their account.",2025-08-08
57,1755702047345,Can you apply for a loan the same day loan is expired or cancelled?,application-processing,Application Processing & General Operations,Manual Entry,Manual Entry,Reapply | apply | expired | cancelled | same day,Yes. ,2025-08-20
58,1755702219748,When do I send a Survey email?,application-processing,Application Processing & General Operations,Manual Entry,Manual Entry,survey | email | send email,"You should send the customer a survey email after each call, unless one has already been sent to them that day. The only exception is for stages between Leadgen Purchased and Funds Processing, as they will have already received the survey link once they were funded.",2025-08-20
59,1755702363437,What is our IBAN Number?,application-processing,Application Processing & General Operations,Manual Entry,Manual Entry,IBAN | no uk account | paying abroad,"GB32 TRWI 2314 7081 2998 84/ TRWIGB2L
Account holder: Savvy Loan Products Ltd",2025-08-20
60,1755702690896,How can a customer stop the default notice being registered on thier credit file?,application-processing,Application Processing & General Operations,Manual Entry,Manual Entry,default notice | default letter | stop | DFN | default | credit reference agency | CRA,"To prevent the default notice from being recorded with the credit reference agencies, the customer must either:

Settle the balance stated in the letter by the date noted in the default notice. (Note: the balance in the letter may differ from the current outstanding balance, as interest has accrued since the letter was issued.)

Make a partial payment and agree for the remaining balance to be cleared either in full by a later date or through an affordable repayment arrangement. 

Note: If the amount stated in the default notice is not settled in full by the deadline, interest will continue to accrue according to the new schedule and will be payable.",2025-08-20
61,1758198264053,Debt Relief Order,collections-account,Collections & Account Status Management,Manual Entry,Manual Entry,DRO | Relief | Debt Relief | Insolvency | debt management | order,"A Debt Relief Order (DRO) is a formal insolvency tool designed for individuals with low income, minimal assets, and relatively small unsecured debts who are unable to repay their creditors. DROs provide a structured mechanism for managing qualifying debts while offering a clear path to debt write-off.

Key Features:

Debt Eligibility: Unsecured debts, including credit cards, personal loans, overdrafts, utility arrears, and other qualifying debts. Current debt limit: £30,000 (England & Wales).

Eligibility Criteria:

Total qualifying debts ≤ £30,000

Limited assets (generally no more than £2,000, excluding certain essential items)

Low disposable income (typically less than £75 per month after essential outgoings)

Must not have had a DRO in the past six years

Duration: Standard DRO period is 12 months. If circumstances remain unchanged, qualifying debts are written off at the end of this period.

Credit Impact: DROs remain on the individual’s credit file for six years, affecting future credit applications.

Application Process:

Must be completed through an approved intermediary (debt adviser from an approved organisation).

A one-off fee of £90 is payable before submission.

Effect During DRO: Creditors included in the DRO cannot pursue repayment while the order is active.

Considerations for Staff:

DROs are suitable only for those meeting strict eligibility criteria; staff should verify circumstances carefully.

While DROs provide debt relief, they have long-term implications for the customer’s credit rating and financial options.

Staff should advise customers of alternative solutions if DROs are not appropriate.",2025-09-18
62,1758198812630,Handling Customer DRO Notifications,application-processing,Application Processing & General Operations,Manual Entry,Manual Entry,DRO | procedure | Insolvency | DRO stage | debt relief order,"Purpose:
To ensure customer Debt Relief Orders (DROs) are recorded accurately and accounts are managed correctly in line with our internal processes and regulatory requirements.

Procedure:

Customer Notification:

If a customer contacts us to advise they have been approved for a DRO, the agent should:

Record the DRO reference number.

Record the DRO order date.

Record the official receiver or intermediary handling the DRO.

Verification:

If the DRO has been formally made, the agent must verify it on the Insolvency Service Register:

Insolvency Service Register

Copy and paste the verification information into the customer notes.

Account Management:

Move the account to the IVA/Bankruptcy stage in the system.

A task will automatically be raised for the Back Office team to action at a later date.

Notes:

Ensure all relevant information is recorded clearly in the customer notes.

Do not attempt to take further collection action on accounts under an active DRO.

Outcome:
Following this procedure ensures compliance, accurate record-keeping, and that the customer’s account is managed appropriately while under a DRO.",2025-09-18
63,1758199205870,Calculating Daily Interest,transaction-responses,Transaction Responses & Payment Issues,Manual Entry,Manual Entry,calculate | interest | daily interest | charge | queries,"Purpose:
To provide staff with a clear process for explaining how interest is applied and to calculate the daily interest charge for customer accounts.

Interest Rate:

We charge 0.8% per day on the outstanding principal balance.

Daily Interest Calculation:

Identify the outstanding principal on the customer account.

Multiply the principal by 0.8% (0.008) to calculate the daily interest charge.

Formula:

Daily Interest = Outstanding Principal × 0.008


Example Calculations:

Principal (£)	Daily Interest (£)
300	            2.40
500	            4.00
750	            6.00
1,000	        8.00
1,500	        12.00

Using the Table/Formula on Calls:

If a customer asks how much interest will be applied each day, staff can either:

Use the table for quick reference, or

Apply the formula to calculate the exact amount for the outstanding balance.

Notes:

Interest is calculated daily based on the current outstanding principal.

Do not include previously accrued interest when calculating daily interest — only use the current principal.

Ensure all calculations and explanations are clearly noted in the customer account.",2025-09-18
64,1758199711580,Early Settlements,application-processing,Application Processing & General Operations,Manual Entry,Manual Entry,early | settlement | settle early | ESF | pay early,"Purpose:
To explain how early settlements work and provide staff with a clear process to follow when customers request to pay their loan in full before the end of the agreed duration.

Key Points:

Customers can settle their loan early by paying:

The outstanding principal, and

The interest accrued up to the settlement date.

The settlement figure provided is valid only on the day it is quoted.

If payment is not made on the same day, the settlement figure will increase daily at a rate of 0.8% of the outstanding principal.

Advise the customer:

“This figure is valid for today only. If payment is not made today, the settlement figure will increase tomorrow by 0.8% of the outstanding principal.”

Note the account with the settlement figure given and the date.

Formula for Daily Settlement Increase:

Daily Increase = Outstanding Principal × 0.008


Example:

Outstanding principal: £1,000

Daily increase: £1,000 × 0.008 = £8.00

If the customer does not pay today, the quoted settlement figure will increase by £8.00 tomorrow.

Important Notes for Staff:

Always remind customers that early settlement saves them from paying further future interest, but the figure changes daily.

Ensure all settlement quotes and customer communications are recorded in the notes.

Do not attempt to fix a settlement figure beyond the day it is quoted.",2025-09-18
65,1758199927883,Contacting Customers in Insolvency,collections-account,Collections & Account Status Management,Manual Entry,Manual Entry,contacting | during insolvency | IVA | bankruptcy | DRO | Trust Deed | Sequestration,"No. Once a customer has entered an approved form of insolvency (e.g. Debt Relief Order, Individual Voluntary Arrangement, Bankruptcy, or Debt Management Plan through an appointed provider), we must not work directly with the customer regarding repayment of their debt.

Procedure for Staff:

Identify Insolvency Status:

Confirm the form of insolvency (e.g. DRO, IVA, Bankruptcy, DMP).

Record all relevant details in the customer notes (reference number, order date, name of Insolvency Practitioner/Official Receiver/DMP provider).

Verification:

Where applicable, verify on the Insolvency Register:
Insolvency Service Register

Copy and paste confirmation into customer notes.

Account Handling:

Move the account to the IVA/Bankruptcy stage in the system.

A back-office task will automatically be raised for further handling.

Communication:

Do not discuss repayment or collection directly with the customer.

Politely explain that all communications will now be managed via their appointed Insolvency Practitioner/Official Receiver/DMP provider.

Script Example for Agents:

“As your account is now under an approved form of insolvency, we’re not able to discuss repayment directly with you. From this point forward, all matters will be handled by your Insolvency Practitioner/Official Receiver, and we will work directly with them on your account.”

Key Compliance Note:
Contacting customers directly to seek repayment after insolvency has been approved may breach regulatory obligations and consumer duty principles. All communication must go through the appointed insolvency representative.",2025-09-18
66,1758200055828,Insolvency Orders Made Before Loan Approval,application-processing,Application Processing & General Operations,Manual Entry,Manual Entry,orders made before approval | IVA | bankruptcy | dro | trust deed | sequestration | customer took loan after | applied | loan,"Scenario:
A customer advises (or it is identified) that they had an insolvency order (e.g. DRO, IVA, Bankruptcy) in place before they took out the loan.

Key Point:

If the insolvency order was already made before the loan agreement was taken out, the customer’s current loan is not included in that insolvency.

This means the customer remains liable for repayment under the original loan terms.

Procedure for Staff:

Check the insolvency order date against the loan start date.

If the insolvency order date is before the loan start date → the loan is not covered by that order.

If the insolvency order date is after the loan start date → follow the normal insolvency procedure (treat the loan as covered).

Record Details:

Note the insolvency order reference, date, and type in the account.

Record the loan start date for clarity.

Customer Communication:

If the loan is not covered by the insolvency order, explain clearly to the customer that the debt remains payable in full.

Example script:

“I can see that your insolvency order was made before this loan agreement started. This means your loan with us is not included in that arrangement, and you remain responsible for repayment under the original terms.”

Account Handling:

Continue managing the loan as normal (collections, interest, or settlement discussions) unless the customer later enters into a new insolvency arrangement that includes this loan.

Compliance Note:
It is important to distinguish between debts included in insolvency orders and those that fall outside due to being taken out afterwards. Always double-check dates and record them clearly.",2025-09-18
67,1758200491465,Cancelling a Schedule,application-processing,Application Processing & General Operations,Manual Entry,Manual Entry,undo | cancel CPA | cancel PP | cancel schedule | cancel,"Purpose:
To explain how agents can cancel a customer’s payment schedule and when this happens automatically.

Steps for Agents (Manual Cancellation):

Go to the account page of the customer’s account.

At the top of the page, locate the orange box titled “Schedules.”

Open the drop-down menu.

Select “Cancel Pay Plan.”

This will immediately cancel the active schedule on the account.

Automatic Cancellations:
A payment schedule will also cancel automatically if the account is moved into any of the following stages:

On Hold 1 Month

On Hold 2 Month

On Hold 3 Month

DM (Debt Management)

Vul (Vulnerability)

Pending Evidence

Important Notes for Staff:

Always confirm with the customer if they requested cancellation, and record the reason in the account notes.

Do not attempt to restart or amend a schedule without following the correct setup procedure.",2025-09-18
68,1758201330818,Customer Service Essentials,application-processing,Application Processing & General Operations,Manual Entry,Manual Entry,skills | good customer service | CS skills,"Purpose: Ensure all staff interact with customers in a professional, supportive, and compliant way.

Key Skills:

Tone: Always polite, empathetic, and professional, even in challenging conversations.

Active Listening: Let the customer speak, don’t interrupt, and acknowledge their concerns.

Plain English: Avoid jargon — explain things clearly and simply.

Empathy Statements: e.g. “I understand this must be difficult” or “Thank you for sharing that with me.”

Ownership: Take responsibility for helping resolve the query, even if you need to escalate.

Closing Calls/Emails: Summarise what was agreed and next steps.",2025-09-18
69,1758201606395,Dealing with Vulnerable Customers,application-processing,Application Processing & General Operations,Manual Entry,Manual Entry,Dealing with Vulnerable Customers | TEXAS | vul | special needs | support,"Purpose: To handle calls where customers disclose difficulties such as illness, financial hardship, or other vulnerabilities.

Steps:

Listen carefully and acknowledge what the customer has said.

Reassure them we can pause or adapt support if needed.

Move the account with to on hold - Vulnerability, if you agree a hold and note the reason. 

Add a ""must read note"" to make other staff aware of potential vulnerbility (this will show at the top of the general page)

Task the account for a review (dependant on what is agreed with the customer)

Provide information on free debt advice services if appropriate.

USse vulnerbility tools if needed i.e TEXAS

Escalate to a manager (Zoe Quick) if position is complex and you are unsure of how to handle the situation.",2025-09-18
70,1758201648742,Handling Difficult Conversations,application-processing,Application Processing & General Operations,Manual Entry,Manual Entry,angry customer | conflict resolution,"Purpose: To support staff when customers become upset, angry, or frustrated.

Top Tips:

Stay calm and professional — don’t match the customer’s tone.

Acknowledge their feelings: “I can hear you’re frustrated, let’s work through this together.”

Stick to facts and solutions, not emotions.

If the customer becomes abusive, politely warn them before ending the call.

Always record notes factually and without judgment.",2025-09-18
71,1758201846282,Understanding & Managing Customer Vulnerabilities,application-processing,Application Processing & General Operations,Manual Entry,Manual Entry,vulnerability | conditions | mental health | identifying | vul,"Purpose:
To help staff recognise and respond appropriately when customers disclose vulnerabilities, in line with Consumer Duty and treating customers fairly.

1. Health-Related Vulnerabilities

Examples: Physical disability, serious illness, mental health conditions, addiction, cognitive impairment.

How to Respond:

Show empathy and patience.

Offer to slow down the call or provide information in writing.

If needed, place account into VUL (Vulnerability) status.

Provide signposting to specialist support (e.g. debt charities, mental health helplines).

2. Financial Vulnerabilities

Examples: Job loss, reduced income, high cost of living, reliance on benefits, sudden financial shock (e.g. bereavement, separation).

How to Respond:

Explore affordable solutions (payment plans, short-term hold).

Place into On Hold stage if evidence is pending.

Remind them about free, impartial debt advice services.

Record notes clearly with context.

3. Situational Vulnerabilities

Examples: Bereavement, domestic abuse, caring responsibilities, divorce/separation, homelessness.

How to Respond:

Be sensitive to emotional impact.

Avoid pressing for immediate decisions.

Offer flexibility and note the account accordingly.

Escalate if safeguarding concerns arise (e.g. risk of harm).

4. Communication Barriers

Examples: Low literacy, English not first language, hearing or speech difficulties, limited access to digital tools.

How to Respond:

Adapt communication style — speak clearly, avoid jargon.

Offer alternative formats (email instead of phone, written confirmation).

Allow extra time on calls.

Record any preferences in account notes.

5. Age-Related Vulnerabilities

Examples: Elderly customers with reduced memory/understanding, very young customers with limited financial experience.

How to Respond:

Check understanding by asking the customer to repeat back.

Provide extra explanations where needed.

Be mindful of potential safeguarding concerns.

Escalate if exploitation or financial abuse is suspected.

6. Risk of Harm / Safeguarding

Examples: Suicidal thoughts, domestic abuse, threats of violence, immediate safety risks.

How to Respond:

Stay calm and listen.

If risk of immediate harm, follow emergency safeguarding procedure (e.g. contact emergency services if disclosure suggests life is in danger).

Escalate to a manager straight away.

Record facts only, not opinions.

Key Staff Reminders

Always note the vulnerability in the system using MUST READ NOTE and/or place into On Hold-Vulnerble stage, with the reason stated clearly.

Never judge or dismiss what the customer discloses.

Provide reassurance and explain what support options are available.

Escalate if unsure — better to check than mishandle a vulnerable customer.",2025-09-18
72,1758201922330,Vulnerabilities & Tools for Staff,application-processing,Application Processing & General Operations,Manual Entry,Manual Entry,tools | texas | IDEA | CARERS | vulnerability | vul,"Purpose:
To help staff identify, record, and manage customer vulnerabilities consistently and sensitively, using recognised industry tools.

1. Health-Related Vulnerabilities

Examples: Long-term illness, disability, mental health, addiction.

Tool: TEXAS Protocol (for handling disclosures)

Thank the customer for sharing.

Explain how the information will be used.

Xplicit consent — ask if you can record/share it internally.

Ask relevant questions (how it affects finances, any support needed).

Signpost to help (e.g. StepChange, Mind, Citizens Advice).

2. Financial Vulnerabilities

Examples: Job loss, reduced income, benefit reliance, cost-of-living pressures.

Tool: IDEA (for understanding impact)

Impact — how is the situation affecting them financially?

Duration — is it short-term, long-term, or permanent?

Experience — have they managed something similar before?

Adjustment — what support or changes do they need?

3. Situational Vulnerabilities

Examples: Bereavement, caring duties, domestic abuse, separation.

Tool: CARERS (for carers or dependent-related issues)

Check circumstances sensitively.

Assess how caring impacts finances/time.

Record disclosure with consent.

Explain available support.

Refer to advice organisations if appropriate.

Support flexibly (e.g. pauses, payment plans).",2025-09-18
73,1758202128463,Using IDEA with Customers,application-processing,Application Processing & General Operations,Manual Entry,Manual Entry,IDEA | vul | tools | understanding,"Purpose:
IDEA helps agents understand the customer’s situation more deeply when they disclose a vulnerability. It breaks the conversation into four areas: Impact, Duration, Experience, Adjustment.

I – Impact

What impact is the vulnerability having on their finances or ability to manage the account?

✅ Example questions:

“How is this situation affecting your ability to make payments right now?”

“Has this change impacted your income or expenses?”

✅ Example notes:

Customer unable to work due to surgery, now on reduced sick pay.

Customer’s mental health makes budgeting difficult.

D – Duration

Is the situation temporary, long-term, or permanent?

✅ Example questions:

“Do you expect this to change soon, or is it ongoing?”

“Has your GP or adviser said how long you may be in this situation?”

✅ Example notes:

Customer expects to return to work in 3 months after recovery.

Customer has long-term disability, likely ongoing.

E – Experience

Has the customer been through this before, and how did they manage?

✅ Example questions:

“Have you had to manage something like this before?”

“What’s helped you cope with your finances in the past?”

✅ Example notes:

Customer has been through redundancy before, relied on payment holidays.

Customer has never been in financial difficulty before, feels anxious and unsure.

A – Adjustment

What changes, support, or solutions are needed now?

✅ Example questions:

“What would help make things more manageable for you right now?”

“Would a short-term hold or reduced payment plan give you some breathing space?”

✅ Example notes:

Customer requests 2-month payment hold until benefits start.

Customer would like smaller instalments for 6 months.

Putting It All Together – Example Call Notes

IDEA applied:

Impact: Customer off work due to broken leg, income dropped to statutory sick pay.

Duration: Doctor says recovery expected in 12 weeks.

Experience: Customer previously managed using savings, but has none left now.

Adjustment: Customer requests a temporary hold on payments until return to work.",2025-09-18
74,1758202196993,Using CARERS with Customers,application-processing,Application Processing & General Operations,Manual Entry,Manual Entry,carers | support | vul | tools,"Purpose:
The CARERS tool helps agents handle disclosures where customers are carers, or where caring responsibilities are affecting their finances and account management.

C – Check circumstances sensitively

Understand the customer’s caring situation without being intrusive.

✅ Example questions:

“Can I ask a little more about your caring responsibilities, so I can understand how it affects your account?”

“Who do you provide care for, and how much time does this take each day?”

✅ Example notes:

Customer caring full-time for elderly parent with dementia.

Customer provides part-time care for disabled child alongside work.

A – Assess how caring impacts finances/time

Does caring reduce income, increase expenses, or affect their ability to make payments?

✅ Example questions:

“Does your caring role affect your ability to work or manage finances?”

“Do you have extra costs linked to caring, such as travel or equipment?”

✅ Example notes:

Customer reduced to part-time work due to caring role.

Customer has increased household costs, no spare income.

R – Record disclosure with consent

Always ask before noting sensitive details.

✅ Example script:

“Would you be happy for me to make a note of this on your account, so we can make sure we support you properly?”

✅ Example notes:

Consent given. Recorded customer caring for disabled child; limited availability during working hours.

E – Explain available support

Tell the customer how we can help manage their account fairly.

✅ Example script:

“We can look at putting your account on hold, adjusting your payment plan, or finding a schedule that works around your circumstances.”

R – Refer to advice organisations if appropriate

Signpost to specialist support.

✅ Examples:

Carers UK (www.carersuk.org
)

Citizens Advice

Local authority carers’ services

✅ Example script:

“There are organisations that can support carers with financial and emotional help — would you like me to share their details?”

S – Support flexibly

Put in place adjustments to help the customer manage.

✅ Examples:

Place account into On Hold (VUL) while circumstances are reviewed.

Offer flexible repayment dates that match benefit/payment cycles.

Allow more time for evidence if requested.

Putting It All Together – Example Call Notes

CARERS applied:

Check: Customer provides daily care for disabled spouse.

Assess: Reduced working hours, lower income, increased household costs.

Record: Consent given; noted in account.

Explain: Advised account could be placed on hold pending review.

Refer: Provided details for Carers UK.

Support: Account placed into VUL stage; repayment plan to be reviewed in 3 months.",2025-09-18
75,1758202663656,Abbreviations Log,application-processing,Application Processing & General Operations,Manual Entry,Manual Entry,abbreviatiions | shorthand | meanings,"Purpose:
Quick reference for staff to understand common abbreviations used in customer accounts, communications, and internal processes.

Account Stages & Holds

On Hold 1/2/3 – Account temporarily paused for review.

DM – Debt Management hold.

VUL – Vulnerable customer hold.

IVA – Individual Voluntary Arrangement.

DRO – Debt Relief Order.

BNK – Bankruptcy.

Processes & Actions

CB – Call Back.

LM – Left Message.

NA – No Answer.

CATC – Collection Action To Continue.

ES – Early Settlement.

RTW – Right To Withdraw.

Customer & Payment Terms

BTW - Back to work.

OOW - Out of work.

EOM - End of month.

Cust – Customer.

BT – Bank Transfer.

CPA – Continuous Payment Authority.

Paym – Payment.

CIF – Clear In Full.

Clr – Cleared.

mnth – Month.

rec'd – Received.

Vulnerability Tools & Protocols

TEXAS – Thank, Explain, eXplicit consent, Ask, Signpost.

IDEA – Impact, Duration, Experience, Adjustment.

CARERS – Check, Assess, Record, Explain, Refer, Support.

BRUCE – Behaviour, Remember, Understand, Check, Explore.

Credit & Collections References

CRS – Credit Resource Solutions.

UKS – UK Search.

DRA – Digital DRA.

Interest & Balances

OS – Outstanding Balance (principal + accrued interest).

INT – Daily Interest applied (0.8% per day of outstanding principal).",2025-10-15
76,1760539410222,What is an Annual Percentage Rate (APR),application-processing,Application Processing & General Operations,Manual Entry,Manual Entry,APR | annual percentage | interest | total amount payable,"What is APR?
APR stands for Annual Percentage Rate. It represents the total cost of borrowing over a year, including interest and any compulsory fees, expressed as an annual percentage of the amount borrowed.

Why Do We Use It?
Although our products are short-term and interest is typically calculated on a daily basis, we are still required by regulation to display an APR. This ensures transparency and consistency across all lenders, allowing customers to compare the cost of credit between different products and providers — even if the borrowing period is much shorter than a year.

How It Relates to High-Cost Short-Term Credit (HCSTC):

In high-cost short-term lending, the APR appears very high because it’s an annualised figure based on daily interest rates applied to short borrowing periods.

For example, a loan that runs for 30 days with daily interest may look disproportionately high when shown as an annual rate, but this doesn’t mean the borrower is paying that amount — it’s simply how the cost is standardised for comparison.

The key figure for our customers remains the total amount repayable and the daily interest rate, which reflect the true short-term cost of borrowing.

In Summary:
We calculate interest daily to reflect short borrowing terms, but we must display the APR to comply with consumer credit regulations and maintain transparency for customers.",2025-10-15
77,1760539694223,Where can I locate the Annual Percentage Rate (APR),application-processing,Application Processing & General Operations,Manual Entry,Manual Entry,representative | apr | credit | charge | locate | find,"Locating the APR Figure

You may receive questions from customers about where to find the APR (Annual Percentage Rate). The location depends on whether the customer is making a general enquiry or already has an active account.

1. General Public / Customer Service Enquiry

For general queries from potential customers who do not yet have an account, the APR can be found on our website.

At the bottom of the website, we display a representative example showing a typical loan and its associated costs:

Example:
Borrow £350 and pay £127.28 per month for 5 months at a fixed interest rate of 0.8% per day (292% per year).
The total charge for credit is £286.40 (all interest).
The total amount repayable is £636.40.
Representative APR: 1297.89%.

This example helps customers understand the cost of borrowing and how the APR relates to our short-term lending model.

2. Existing Customers with an Account

If the customer already has an account with us, the exact APR and full loan details are available within their Consumer Credit Agreement.

This document can be found in the customer’s account area under “Attachments.”
You should guide the customer to this section and explain that the agreement outlines their specific loan terms, including:

The interest rate

The total charge for credit

The total amount repayable

The representative APR",2025-10-15
78,1763463815660,What is a Notice of Sum in Arrears ,application-processing,Application Processing & General Operations,Manual Entry,Manual Entry,NOSIA | sum in arrears | notice | regulated document | notice of sum,"A Notice of Sum in Arrears is a formal letter sent by a lender/creditor when a borrower has fallen behind on their repayments for a credit agreement regulated by the Consumer Credit Act (for example: loans, credit cards, hire purchase, store cards).

The notice is issued when the borrower has missed the equivalent of two or more payments, or has underpaid to the point that the arrears reach the value of two full instalments.

Its purpose is to:

Inform the borrower that they are behind on payments

Confirm the total amount of arrears owed

Explain any consequences, such as further action if the arrears are not cleared

Provide required information and protections, including where to get free debt advice

It is a statutory notice, meaning the creditor must send it. It is not a court order and does not mean legal action has already started.",2025-11-18
79,1763463953673,What is a Further Notice of Sum in Arrears?,collections-account,Collections & Account Status Management,Manual Entry,Manual Entry,Further notice | FNOSIA | sum in arrears,"A Further Notice of Sum in Arrears is a follow-up letter a lender/creditor must send after they have already issued an initial Notice of Sum in Arrears (NOSIA) under the Consumer Credit Act.

A further NOSIA is sent every six months if:

The borrower still has arrears outstanding, and

The credit agreement is still active.

Its purpose is to:

Update the borrower on how much arrears remain

Remind them that the account is still behind on payments

Provide the required statutory information, including consumer rights and where to access free debt advice

Just like the initial NOSIA, a further NOSIA:

Is not a court order

Does not mean legal action has begun

Is a legal requirement for regulated credit agreements

It is simply a periodic reminder that arrears are still owed.",2025-11-18
80,1763465948903,What is a Summary of Borrowing,application-processing,Application Processing & General Operations,Manual Entry,Manual Entry,SOB | Summary | Payday lending market | borrowing,"A Summary of Borrowing (SOB) is a regulatory document a lender must provide to a customer who has taken a High-Cost Short-Term Credit (HCST) product (for example, payday or other short-term, high-cost loans). It gives a clear, concise breakdown of how much the customer has borrowed and how much they have paid in charges (interest and fees) over a reporting period.

Purpose:

Show the total amount borrowed during the reporting period.

Show the total charges (interest, fees, and other costs).

Improve transparency so customers can see the true cost of repeat or short-term borrowing.

Help customers make informed decisions about future borrowing and seek debt advice if needed.

Key points:

The SOB is informational only — it is not a collection notice or enforcement action.

It is a regulatory requirement designed to protect consumers and ensure visibility of repeated HCST borrowing.

When a customer SHOULD be sent an SOB

A lender must send a Summary of Borrowing:

Every three months (quarterly), in arrears, covering the previous three-month period — regardless of whether payments are due or the account is active, where the customer has had HCST borrowing that meets the FCA reporting criteria.

When the account is closed (including where the debt is sold or transferred to another creditor/third party).

Where there has been repeat borrowing from the lender (i.e., the customer has borrowed more than once), or otherwise where the FCA’s HCST reporting criteria apply.
",2025-11-18
81,1763467063526,What is our appeals process?,application-processing,Application Processing & General Operations,Manual Entry,Manual Entry,appeal | declined | unhappy with decision | appeal process,"The appeal is reviewed by a senior underwriter to determine whether the original lending decision was correct.

The process typically takes up to 48 hours from the time the appeal is submitted.

To submit an appeal, the customer must follow the instructions in their decline email. In short, they should:

Email underwriting@ticktockloans.com

Clearly state their concerns and reasons for requesting a review

The senior underwriter will consider the customer’s points as part of their review.

Appeal decisions will be communicated via email.

Customers can submit an appeal either directly by email or manually through a customer service representative.",2025-11-18
82,1763467409592,Outbound Dialling Guidelines ,collections-account,Collections & Account Status Management,Manual Entry,Manual Entry,Outbound dialling | due date list | DD list | DD+1 | calling out | voicemails,"When handling outbound dialling, please follow these rules to remain compliant with our Arrears Collections policy:

Call Spacing & Attempt Limits

Leave at least 3 hours between the first and second call to the same customer.

Make no more than 5 call attempts per customer per day.

Voicemail Policy

Leave only one voicemail per customer per day.

Once a voicemail has been left, do not contact the customer again until the following day.

Due Calls

Call twice per day, once in the AM and once in the PM.

List Priority

First list: This is your initial priority for calling.

Second priority: DD + 1

Followed by: M0 → M1 → M2

Daily List Refresh

All lists are refreshed daily.

Inbound Call Priority

Inbound calls take priority between 9:00–10:00 AM and during lunch periods.

Resume outbound calls once these periods have ended.",2025-11-18
83,1763482878170,Call Structure – Reminder Guide,collections-account,Collections & Account Status Management,Manual Entry,Manual Entry,call structure | opening | closure | open ended questions | call flow | conversation | call,"1. Introduction

Introduce yourself and the company.

Complete DPA/security checks.

Advise the customer that calls are recorded (outbound calls).

2. Middle of the Call (Information Gathering)

Use open questions to understand the customer’s situation:

“How can I help you today?”

“What has caused you to miss payments?”

“Has anything changed in your circumstances recently?”

“Is your situation likely to change in the near future?”

“What steps are you taking to improve your situation?”

Keep the conversation focused, supportive, and non-judgmental.

3. Resolution

Explore what the customer’s situation allows them to do:

Do they need time to assess their finances or seek advice?

If they have income, how much can they reasonably pay toward their debt?

Can the customer make a realistic offer?

If not, consider completing an Income & Expenditure (I&E) with them.

Can they make a token payment during the call as a sign of goodwill?

Your aim is to reach a fair and sustainable solution based on their circumstances.

4. Call Closure

Before ending the call, confirm the following clearly:

The resolution/solution agreed

The terms (amounts, dates, frequency)

Whether an email will be sent confirming the arrangement

The consequences of not maintaining the arrangement, such as:

Issuing a pending default notice to credit reference agencies

Instructing a third-party debt recovery agency

Cancelling the arrangement and returning the account to collections

Set clear expectations:

Who will contact them

When they will be contacted

How we will communicate about upcoming payments or failed payments

Always close by asking:
“Is there anything else I can help you with today?”",2025-11-18
84,1763483097125,What are the consequences of non-payment?,collections-account,Collections & Account Status Management,Manual Entry,Manual Entry,consequences | non-payment | non payment | failed arrangement | default notice | debt recovery | debt agency | failed payment,"1. Arrangement Cancelled

If the customer misses a payment or breaks the terms of the plan:

The current payment arrangement will be cancelled.

The account will return to active collections, meaning further contact attempts may be made to resolve the arrears.

You should always tell the customer:

“If the agreed payment is not made, the arrangement may be cancelled and your account will return to collections for further action.”


2. Pending Default Notice Issued

If the account continues to remain unpaid:

A Pending Default Notice may be issued.

This is a formal warning that a default could be recorded if no action is taken.

It gives the customer an opportunity to bring the account back in line before a default is applied.

This should be explained clearly:

“If the arrears are not resolved, we may issue a Pending Default Notice which is a formal step before a default is registered with credit reference agencies.”


3. Default Registered with Credit Reference Agencies

If the customer still fails to contact us or make payments:

A default may be registered on their credit file.

This will remain on their credit report for six years.

It can affect their ability to obtain credit, mortgages, phone contracts, or other financial services.

Explain simply:

“A default can impact your credit rating for six years and may affect future borrowing.”


4. Third-Party Debt Recovery Agency Instructed

If the account cannot be resolved directly:

The debt may be transferred to a licensed third-party debt recovery agency.

The customer will then be contacted by the agency, not us.

The agency may use their own contact processes to recover the balance.

Explain clearly and calmly:

“If the account remains unpaid, it may be passed to a third-party debt recovery agency who will continue recovery efforts.”


5. Additional Collections Activity

Depending on the customer’s behaviour and account history, further action may include:

Increased outbound contact to try to engage the customer

Written correspondence outlining the arrears and next steps

Reassessment of the customer’s affordability if they re-engage

These actions should always be proportionate, fair, and compliant with regulatory requirements.


6. Potential Legal Action (if applicable to your business)

If your organisation uses legal recovery routes, consequences may also include:

Escalation to the legal team for pre-legal assessment

The possibility of a County Court Judgment (CCJ)

Further enforcement if a CCJ remains unpaid

Only include this section if legal routes are used. If not, I can remove or adapt it.


7. Impact on Future Lending

If the customer continues to default or shows poor repayment behaviour:

They may be restricted from future borrowing

Their account may be flagged internally

They may be declined for new applications until the debt is resolved

Explain in simple terms:

“Non-payment can affect future lending decisions with us.”

Summary to Read to Customers

Here’s a simplified version for agents to use during calls:

“If the payment isn’t made, the arrangement may be cancelled and your account will return to collections.
If it remains unpaid, we may issue a Pending Default Notice which can lead to a default being registered on your credit file for six years.
The account may also be passed to a third-party debt recovery agency.
It’s really important we work together to agree a plan that is realistic and sustainable for you.”",2025-11-18
85,1763483660577,Can I change my password on my account?,application-processing,Application Processing & General Operations,Manual Entry,Manual Entry,password update | change password | password,"Yes. You can update your password at any time by logging into your online account at www.ticktockloans.com.

Once logged in, go to the “My Profile” section, where you will be able to change your password to something more memorable and secure.",2025-11-18
86,1763483794456,Do you accept credit cards?,collections-account,Collections & Account Status Management,Manual Entry,Manual Entry,credit card | debit card | card update,"No. We do not accept credit cards as a payment method.

This is to ensure we comply with regulatory expectations, as customers should not use credit to repay credit, which could worsen their financial situation.",2025-11-18
87,1763484019184,Can I change the email address or phone number on theaccount?,application-processing,Application Processing & General Operations,Manual Entry,Manual Entry,mobile number | updating contact details | telephone number,"Yes. You can update the contact details; however, for security reasons we must first speak to the customer on the mobile number currently registered on the account.

Once we’ve verified the customers identity through that number, we can override the existing details and update the email address or phone number.",2025-11-18
88,1763484574473,What Debt Recovery Agencies do we use?,customer-portal,Customer Portal & Login Issues,Manual Entry,Manual Entry,DRA | DCA | CRS | Digital DRA | UKS | UK Search | external recoveries | external collections,"Credit Resource Solutions (CRS)

Phone: 01422 324 510 
Email: sales@creditresourcesolutions.co.uk
Postal Address: Second Floor, G Mill, Dean Clough, Halifax, West Yorkshire, HX3 5AX 
Complaints Email: complaints@creditresourcesolutions.co.uk
Website: paycrs.co.uk

Opening Hours: Mon–Fri, 08:00–18:00; Sat, 09:30–12:30 (as per their contact centre) 
paycrs.co.uk

UK Search

Phone: 01246 488 924 
Email (General / Customer): [email protected] 
Address: 4 Gander Lane, Chesterfield, S43 4PZ 
Opening Hours:Monday–Thursday: 09:00–19:00 Friday: 09:00–17:00 Saturday: 09:00–13:00 

Digital DRA (The Digital Debt Resolution Agency)

Website / Portal: https://www.digitaldra.co.uk/
Registered Office: Office 5, Elsie Whiteley Innovation Centre, Hopwood Lane, Halifax, HX1 5ER 
Email: info@digitaldra.co.uk
Support / Portal Contact: Customers can raise queries via their Customer Portal or by replying to the last email / SMS contact. 
",2025-11-18
89,1763484900719,Do we accept direct debit?,application-processing,Application Processing & General Operations,Manual Entry,Manual Entry,DD | direct debit | CPA | continuous payment authority | mandate,"No 

Our primary automatic payment method is Continuous Payment Authority (CPA), which requires the customer’s consent to allow payments to be collected automatically.

Customers can also choose manual collection, where they must call us to process each payment.

If a customer prefers to pay by other methods, bank transfer is available. However, this option cannot be used at the application stage, as CPA is required as part of the loan application process.",2025-11-18
90,1763733571577,What is a Subject Access Request (SAR)?,security-verification,"Security, Verification & Data Requests",Manual Entry,Manual Entry,DSAR | subject access request | SAR | data request,"A Subject Access Request is a request made by an individual for access to the personal data an organisation holds about them.
SARs fall under the UK GDPR and Data Protection Act 2018.

A SAR can be:

Written (email, letter, webform)

Verbal (phone call, in person)

Made to any staff member — not just the Data Protection Officer

No special wording is required. If a customer says anything like “I want my data”, it may be a valid SAR.",2025-11-21
91,1763733629276,Identifying a Valid SAR,security-verification,"Security, Verification & Data Requests",Manual Entry,Manual Entry,data | customer information | call recordings | DSAR | SAR | DPA,"A request is a SAR if the individual asks for:

“Everything you hold about me”

“All my notes, calls, emails, recordings”

“Any personal data you have on me”

“A copy of my information”

If unsure, treat it as a SAR and escalate.",2025-11-21
92,1763735568309,DSAR (Data Subject Access Request) Process,security-verification,"Security, Verification & Data Requests",Manual Entry,Manual Entry,DSAR | SAR | Process | Subject access request | data request | information request,"Step 1 — Acknowledge the Request

Thank the customer and confirm that we can help.

Advise that we will need to log the request for processing.

If on a call, note that the request is verbal — this is still valid.

Step 2 — Raise the Correct Task

Agents must raise a Complaint – Subject Access Request task.
This must be assigned to Alex Cross to action all DSAR responses.

This step is mandatory for every DSAR, regardless of channel or phrasing.

Step 3 — Inform the Customer of the Timescales

Provide the standard timeframe information:

We must respond within one month of receiving the request.

If the request is complex or involves large volumes of data, we may need to extend the deadline by up to two additional months.

If an extension is needed, the customer must be informed within the first month.

3. Identity Verification

Before data can be released, identity must be verified.
Follow our standard security checks.
If identity can't be safely confirmed, the timeframe is paused until verification is completed.

4. What Happens After the Task Is Raised

Handled by Alex Cross:

Logging the DSAR

Gathering all relevant data (notes, correspondence, call recordings, documents)

Reviewing and redacting where needed

Preparing the DSAR response pack

Sending securely to the customer

Closing the complaint task

Recording completion in the SAR log

Agents do not prepare, review, or send DSAR information themselves.

5. What to Avoid

Never refuse a request because it’s verbal

Never send personal data directly

Never promise specific data points (e.g., “we definitely have that call recording”)

Never delay raising the task — the one-month timeframe starts immediately upon receipt

6. Standard Script Example (Optional for Agents)

“I can help with that. I’ll log a Subject Access Request for you today. We must respond within one month, and if the request is complex we may extend by up to two additional months — but we would let you know within the first month if that’s needed.”",2025-11-21